SQL> select lower(first_name), upper(last_name) from employees where employee_id between 80 and 150;

LOWER(FIRST_NAME)    UPPER(LAST_NAME)                                           
-------------------- -------------------------                                  
steven               KING                                                       
neena                KOCHHAR                                                    
lex                  DE HAAN                                                    
alexander            HUNOLD                                                     
bruce                ERNST                                                      
david                AUSTIN                                                     
valli                PATABALLA                                                  
den                  RAPHAELY                                                   
karen                COLMENARES                                                 

9 rows selected.

SQL> SELECT first_name, last_name, LOWER(SUBSTR(first_name, 1, 1)) || SUBSTR(last_name, 1, 3) || '@oracle.com' AS email FROM employees;

FIRST_NAME           LAST_NAME                 EMAIL                            
-------------------- ------------------------- ---------------                  
Steven               King                      sKin@oracle.com                  
Neena                Kochhar                   nKoc@oracle.com                  
Lex                  De Haan                   lDe @oracle.com                  
Alexander            Hunold                    aHun@oracle.com                  
Bruce                Ernst                     bErn@oracle.com                  
David                Austin                    dAus@oracle.com                  
Valli                Pataballa                 vPat@oracle.com                  
Den                  Raphaely                  dRap@oracle.com                  
Karen                Colmenares                kCol@oracle.com                  
William              Gietz                     wGie@oracle.com                  

10 rows selected.

SQL> SELECT first_name, last_name,LOWER(SUBSTR(first_name, 1, 1))||SUBSTR(last_name, -3)||'@oracle.com' AS email FROM employees;

FIRST_NAME           LAST_NAME                 EMAIL                            
-------------------- ------------------------- ---------------                  
Steven               King                      sing@oracle.com                  
Neena                Kochhar                   nhar@oracle.com                  
Lex                  De Haan                   laan@oracle.com                  
Alexander            Hunold                    aold@oracle.com                  
Bruce                Ernst                     bnst@oracle.com                  
David                Austin                    dtin@oracle.com                  
Valli                Pataballa                 vlla@oracle.com                  
Den                  Raphaely                  dely@oracle.com                  
Karen                Colmenares                kres@oracle.com                  
William              Gietz                     wetz@oracle.com                  

10 rows selected.

SQL> SELECT CONCAT(CONCAT(CONCAT(CONCAT(first_name, ' '), last_name), ' '), hire_date) AS full_info FROM employees;

FULL_INFO                                                                       
--------------------------------------------------------                        
Steven King 17-JUN-00                                                           
Neena Kochhar 18-JUN-12                                                         
Lex De Haan 19-JUN-17                                                           
Alexander Hunold 20-MAY-16                                                      
Bruce Ernst 20-MAY-14                                                           
David Austin 17-SEP-01                                                          
Valli Pataballa 20-SEP-01                                                       
Den Raphaely 01-SEP-90                                                          
Karen Colmenares 06-JUL-87                                                      
William Gietz 06-JUL-05                                                         

10 rows selected.

SQL> select first_name,last_name,salary,salary*1.12 as raised_salary, round(salary*1.12) as raised_salary_whole, floor(salary*1.12) as raised_salary_floor from employees;

FIRST_NAME           LAST_NAME                     SALARY RAISED_SALARY         
-------------------- ------------------------- ---------- -------------         
RAISED_SALARY_WHOLE RAISED_SALARY_FLOOR                                         
------------------- -------------------                                         
Steven               King                           24000         26880         
              26880               26880                                         
                                                                                
Neena                Kochhar                        17000         19040         
              19040               19040                                         
                                                                                
Lex                  De Haan                        17000         19040         
              19040               19040                                         
                                                                                

FIRST_NAME           LAST_NAME                     SALARY RAISED_SALARY         
-------------------- ------------------------- ---------- -------------         
RAISED_SALARY_WHOLE RAISED_SALARY_FLOOR                                         
------------------- -------------------                                         
Alexander            Hunold                          9000         10080         
              10080               10080                                         
                                                                                
Bruce                Ernst                           6000          6720         
               6720                6720                                         
                                                                                
David                Austin                          4800          5376         
               5376                5376                                         
                                                                                

FIRST_NAME           LAST_NAME                     SALARY RAISED_SALARY         
-------------------- ------------------------- ---------- -------------         
RAISED_SALARY_WHOLE RAISED_SALARY_FLOOR                                         
------------------- -------------------                                         
Valli                Pataballa                       4800          5376         
               5376                5376                                         
                                                                                
Den                  Raphaely                       11000         12320         
              12320               12320                                         
                                                                                
Karen                Colmenares                      2500          2800         
               2800                2800                                         
                                                                                

FIRST_NAME           LAST_NAME                     SALARY RAISED_SALARY         
-------------------- ------------------------- ---------- -------------         
RAISED_SALARY_WHOLE RAISED_SALARY_FLOOR                                         
------------------- -------------------                                         
William              Gietz                           8300          9296         
               9296                9296                                         
                                                                                

10 rows selected.

SQL> spool off
